,id,created_date_utc,subreddit_id,title,body,url,score,comments,created_date
AskReddit's 15th anniversary t-shirt design contest,10lfd5w,1674695207.0,t5_2qh1i,AskReddit's 15th anniversary t-shirt design contest,"This is the official thread to submit your designs for this contest, so post your submission as a top-level comment here. 

This contest will remain open for a month and will conclude on **February 21st, 2023 at 7pm CT**, so you have until then to submit a design. Following that the mods will choose from designs that we feel best fit the spirit of the sub, similar to how we did 5 years ago for [our 10th anniversary contest](https://www.reddit.com/r/AskReddit/comments/7gurqh/announcing_a_very_special_contest/), and the community will vote on those designs. For reference [here](https://www.reddit.com/r/AskReddit/comments/7nf0xk/announcement_please_vote_for_the_askreddit_10th) are the designs that were voted on back then and [here](https://www.customink.com/fundraising/askreddit-10th-anniversary-collection) is the fundraising campaign were we raised $3,621 for Doctors Without Borders/Médecins Sans Frontières (MSF) International through sales and donations.

The winner of the best design will receive a free shirt and 1st, 2nd, and 3rd place will receive a special community award that will give them 5 years, 3 years, and 1 year of Reddit Premium respectively. 


**A few guidelines to consider:**

* Please no NSFW designs (sorry that means no cumboxes)

* Please keep designs limited to one side (either front or back)

* Please have the images be as high resolution as possible and CustomInk has requested the image be vectored if possible. These are the accepted file types: .jpg, .jpeg, .png, .bmp, .pdf, .ai and .psd


* Please avoid using anything that is trademarked, except for Snoo. We will work with the admins to get permission for the final design.

We look forward to seeing what this community comes up with!

\- The /r/AskReddit Moderators",https://www.reddit.com/r/AskReddit/comments/10lfd5w/askreddits_15th_anniversary_tshirt_design_contest/,722,156,2023-01-25
What’s an unhealthy obsession people have?,1130fnv,1676474441.0,t5_2qh1i,What’s an unhealthy obsession people have?,,https://www.reddit.com/r/AskReddit/comments/1130fnv/whats_an_unhealthy_obsession_people_have/,15023,9377,2023-01-25
What's the greatest episode of a tv show ever made?,112us2g,1676456199.0,t5_2qh1i,What's the greatest episode of a tv show ever made?,,https://www.reddit.com/r/AskReddit/comments/112us2g/whats_the_greatest_episode_of_a_tv_show_ever_made/,11070,14306,2023-01-25
What’s something the US does better than Europe?,1135sc2,1676487958.0,t5_2qh1i,What’s something the US does better than Europe?,,https://www.reddit.com/r/AskReddit/comments/1135sc2/whats_something_the_us_does_better_than_europe/,1208,3439,2023-01-25
"Men of reddit, would you date a woman who refuses to have sex until marriage, why or why not?",1139h14,1676497590.0,t5_2qh1i,"Men of reddit, would you date a woman who refuses to have sex until marriage, why or why not?",,https://www.reddit.com/r/AskReddit/comments/1139h14/men_of_reddit_would_you_date_a_woman_who_refuses/,721,1543,2023-01-25
What’s the most American thing a person can do?,1133gzi,1676482187.0,t5_2qh1i,What’s the most American thing a person can do?,,https://www.reddit.com/r/AskReddit/comments/1133gzi/whats_the_most_american_thing_a_person_can_do/,1193,3483,2023-01-25
At what point would you suddenly stop if you were in the middle of sex?,112umn5,1676455584.0,t5_2qh1i,At what point would you suddenly stop if you were in the middle of sex?,,https://www.reddit.com/r/AskReddit/comments/112umn5/at_what_point_would_you_suddenly_stop_if_you_were/,4397,3587,2023-01-25
"Steves of Reddit, how do you keep yourselves from saying, ""Good Stevening"" when greeting friends or co-workers in the evening?",11395li,1676496784.0,t5_2qh1i,"Steves of Reddit, how do you keep yourselves from saying, ""Good Stevening"" when greeting friends or co-workers in the evening?",,https://www.reddit.com/r/AskReddit/comments/11395li/steves_of_reddit_how_do_you_keep_yourselves_from/,334,63,2023-01-25
What do people in 2023 think about the ‘women &amp; children 1st’ rule?,11312s7,1676476191.0,t5_2qh1i,What do people in 2023 think about the ‘women &amp; children 1st’ rule?,,https://www.reddit.com/r/AskReddit/comments/11312s7/what_do_people_in_2023_think_about_the_women/,937,2125,2023-01-25
"Guys, serious question here, how often do you change your underwear?",113ebya,1676510575.0,t5_2qh1i,"Guys, serious question here, how often do you change your underwear?",,https://www.reddit.com/r/AskReddit/comments/113ebya/guys_serious_question_here_how_often_do_you/,111,664,2023-01-25
"You are offered a deal where you receive $1000 each time you go a day without swearing, but you pay $500 for each day that you do. Are you taking the deal?",1133dir,1676482004.0,t5_2qh1i,"You are offered a deal where you receive $1000 each time you go a day without swearing, but you pay $500 for each day that you do. Are you taking the deal?",,https://www.reddit.com/r/AskReddit/comments/1133dir/you_are_offered_a_deal_where_you_receive_1000/,426,485,2023-01-25
"what everyday activity did you do wrong for years, before someone finally showed you an important trick?",112xd2k,1676465740.0,t5_2qh1i,"what everyday activity did you do wrong for years, before someone finally showed you an important trick?",,https://www.reddit.com/r/AskReddit/comments/112xd2k/what_everyday_activity_did_you_do_wrong_for_years/,567,946,2023-01-25
"What is, hands down, the funniest movie(s) you have seen?",1135at5,1676486714.0,t5_2qh1i,"What is, hands down, the funniest movie(s) you have seen?",,https://www.reddit.com/r/AskReddit/comments/1135at5/what_is_hands_down_the_funniest_movies_you_have/,146,847,2023-01-25
What's something about your childhood that you thought was normal at the time but realised as an adult that it wasn't? [Serious] [NSFW],112w2u2,1676461234.0,t5_2qh1i,What's something about your childhood that you thought was normal at the time but realised as an adult that it wasn't? [Serious] [NSFW],,https://www.reddit.com/r/AskReddit/comments/112w2u2/whats_something_about_your_childhood_that_you/,511,924,2023-01-25
"Men of reddit, what's the most frustrating thing about having a penis?",112uhzh,1676455091.0,t5_2qh1i,"Men of reddit, what's the most frustrating thing about having a penis?",,https://www.reddit.com/r/AskReddit/comments/112uhzh/men_of_reddit_whats_the_most_frustrating_thing/,549,1843,2023-01-25
"For the scientists, how screwed is Ohio and the surrounding areas?",113fx26,1676515353.0,t5_2qh1i,"For the scientists, how screwed is Ohio and the surrounding areas?",,https://www.reddit.com/r/AskReddit/comments/113fx26/for_the_scientists_how_screwed_is_ohio_and_the/,18,12,2023-01-25
What is your plan if a WW3 ever happened?,113bpau,1676503324.0,t5_2qh1i,What is your plan if a WW3 ever happened?,,https://www.reddit.com/r/AskReddit/comments/113bpau/what_is_your_plan_if_a_ww3_ever_happened/,31,267,2023-01-25
What’s a good movie to cry to?,113f7ms,1676513206.0,t5_2qh1i,What’s a good movie to cry to?,,https://www.reddit.com/r/AskReddit/comments/113f7ms/whats_a_good_movie_to_cry_to/,21,143,2023-01-25
"What actor or actress stupidly left a movie franchise or tv series thinking they were too good for it, only to be never popular again?",1128hq1,1676389475.0,t5_2qh1i,"What actor or actress stupidly left a movie franchise or tv series thinking they were too good for it, only to be never popular again?",,https://www.reddit.com/r/AskReddit/comments/1128hq1/what_actor_or_actress_stupidly_left_a_movie/,50105,27521,2023-01-25
"You can save 1 fictional character who dies in their story from dying, changing the official plot forever. Who do you save?",112oay7,1676431624.0,t5_2qh1i,"You can save 1 fictional character who dies in their story from dying, changing the official plot forever. Who do you save?",,https://www.reddit.com/r/AskReddit/comments/112oay7/you_can_save_1_fictional_character_who_dies_in/,1101,2653,2023-01-25
What TV or film scene had your bawling your eyes out?,113d89i,1676507413.0,t5_2qh1i,What TV or film scene had your bawling your eyes out?,,https://www.reddit.com/r/AskReddit/comments/113d89i/what_tv_or_film_scene_had_your_bawling_your_eyes/,21,103,2023-01-25
Do you like having a conversation with the barber while you get a haircut? Why or Why not?,112wd6r,1676462321.0,t5_2qh1i,Do you like having a conversation with the barber while you get a haircut? Why or Why not?,,https://www.reddit.com/r/AskReddit/comments/112wd6r/do_you_like_having_a_conversation_with_the_barber/,204,299,2023-01-25
God gives you 2 inches to add to anything in your life. How do you spend them?,1130qdj,1676475251.0,t5_2qh1i,God gives you 2 inches to add to anything in your life. How do you spend them?,,https://www.reddit.com/r/AskReddit/comments/1130qdj/god_gives_you_2_inches_to_add_to_anything_in_your/,101,635,2023-01-25
"If the Mona Lisa is the worlds most famous piece of art, what according to you should be the second?",113fm7t,1676514443.0,t5_2qh1i,"If the Mona Lisa is the worlds most famous piece of art, what according to you should be the second?",,https://www.reddit.com/r/AskReddit/comments/113fm7t/if_the_mona_lisa_is_the_worlds_most_famous_piece/,14,94,2023-01-25
What is the first thing you assume about someone who is Scottish?,1136ter,1676490683.0,t5_2qh1i,What is the first thing you assume about someone who is Scottish?,,https://www.reddit.com/r/AskReddit/comments/1136ter/what_is_the_first_thing_you_assume_about_someone/,41,339,2023-01-25
"Ugly dudes with hot wives, how did you do it?",112f9kt,1676406510.0,t5_2qh1i,"Ugly dudes with hot wives, how did you do it?",,https://www.reddit.com/r/AskReddit/comments/112f9kt/ugly_dudes_with_hot_wives_how_did_you_do_it/,3588,3414,2023-01-25
Sound engineers of Reddit - why the fuck are action scenes so loud and speaking scenes so quiet?,1136e08,1676489544.0,t5_2qh1i,Sound engineers of Reddit - why the fuck are action scenes so loud and speaking scenes so quiet?,,https://www.reddit.com/r/AskReddit/comments/1136e08/sound_engineers_of_reddit_why_the_fuck_are_action/,41,16,2023-01-25
Why Don't Americans protest as much as the French?,113fbfe,1676513525.0,t5_2qh1i,Why Don't Americans protest as much as the French?,,https://www.reddit.com/r/AskReddit/comments/113fbfe/why_dont_americans_protest_as_much_as_the_french/,13,46,2023-01-25
what instantly makes you lose interest in a person?,113dcgx,1676507732.0,t5_2qh1i,what instantly makes you lose interest in a person?,,https://www.reddit.com/r/AskReddit/comments/113dcgx/what_instantly_makes_you_lose_interest_in_a_person/,16,197,2023-01-25
What do you think of lazy people?,1131coe,1676476913.0,t5_2qh1i,What do you think of lazy people?,,https://www.reddit.com/r/AskReddit/comments/1131coe/what_do_you_think_of_lazy_people/,74,468,2023-01-25
what is the best American band of all time?,112fq8j,1676407682.0,t5_2qh1i,what is the best American band of all time?,,https://www.reddit.com/r/AskReddit/comments/112fq8j/what_is_the_best_american_band_of_all_time/,2865,5637,2023-01-25
What small things make you happy?,112zwhl,1676473031.0,t5_2qh1i,What small things make you happy?,,https://www.reddit.com/r/AskReddit/comments/112zwhl/what_small_things_make_you_happy/,85,284,2023-01-25
It's been at least 45 or 46 days since 2023 started so how is 2023 going so far?,113esri,1676511970.0,t5_2qh1i,It's been at least 45 or 46 days since 2023 started so how is 2023 going so far?,,https://www.reddit.com/r/AskReddit/comments/113esri/its_been_at_least_45_or_46_days_since_2023/,10,20,2023-01-25
What do you do when you feel worthless?,113g4py,1676516007.0,t5_2qh1i,What do you do when you feel worthless?,,https://www.reddit.com/r/AskReddit/comments/113g4py/what_do_you_do_when_you_feel_worthless/,9,55,2023-01-25
What’s your best life advice for someone in their 20’s ?,112x45a,1676464881.0,t5_2qh1i,What’s your best life advice for someone in their 20’s ?,,https://www.reddit.com/r/AskReddit/comments/112x45a/whats_your_best_life_advice_for_someone_in_their/,106,258,2023-01-25
What are some completely useless fun facts?,113ezvb,1676512569.0,t5_2qh1i,What are some completely useless fun facts?,,https://www.reddit.com/r/AskReddit/comments/113ezvb/what_are_some_completely_useless_fun_facts/,8,72,2023-01-25
What's your opinion on a US law allowing some regions to prevent Chinese citizens from buying real estate due to national security risks?,1128pot,1676390036.0,t5_2qh1i,What's your opinion on a US law allowing some regions to prevent Chinese citizens from buying real estate due to national security risks?,,https://www.reddit.com/r/AskReddit/comments/1128pot/whats_your_opinion_on_a_us_law_allowing_some/,5384,2839,2023-01-25
What's your biggest flaw?,113fnh9,1676514553.0,t5_2qh1i,What's your biggest flaw?,,https://www.reddit.com/r/AskReddit/comments/113fnh9/whats_your_biggest_flaw/,8,33,2023-01-25
What is the most backhanded compliment you've recieved?,113gekl,1676516848.0,t5_2qh1i,What is the most backhanded compliment you've recieved?,,https://www.reddit.com/r/AskReddit/comments/113gekl/what_is_the_most_backhanded_compliment_youve/,7,45,2023-01-25
"What car do you drive, and how does it make you feel?",113ctn4,1676506288.0,t5_2qh1i,"What car do you drive, and how does it make you feel?",,https://www.reddit.com/r/AskReddit/comments/113ctn4/what_car_do_you_drive_and_how_does_it_make_you/,14,89,2023-01-25
"What petty, inconsequential internet argument are you 100% confident you are correct on that you got dogpiled on for?",112ykeq,1676469409.0,t5_2qh1i,"What petty, inconsequential internet argument are you 100% confident you are correct on that you got dogpiled on for?",,https://www.reddit.com/r/AskReddit/comments/112ykeq/what_petty_inconsequential_internet_argument_are/,77,490,2023-01-25
What’s an example of common but unhelpful and toxic advice?,1136g9e,1676489711.0,t5_2qh1i,What’s an example of common but unhelpful and toxic advice?,,https://www.reddit.com/r/AskReddit/comments/1136g9e/whats_an_example_of_common_but_unhelpful_and/,27,109,2023-01-25
What is the most entertaining live music performance you have ever seen?,113g48u,1676515964.0,t5_2qh1i,What is the most entertaining live music performance you have ever seen?,,https://www.reddit.com/r/AskReddit/comments/113g48u/what_is_the_most_entertaining_live_music/,7,13,2023-01-25
How would you rank Joe Biden compared to other US presidents?,11336ih,1676481653.0,t5_2qh1i,How would you rank Joe Biden compared to other US presidents?,,https://www.reddit.com/r/AskReddit/comments/11336ih/how_would_you_rank_joe_biden_compared_to_other_us/,38,1009,2023-01-25
What’s something about yourself that you hide from your coworkers?,113fuxz,1676515179.0,t5_2qh1i,What’s something about yourself that you hide from your coworkers?,,https://www.reddit.com/r/AskReddit/comments/113fuxz/whats_something_about_yourself_that_you_hide_from/,8,30,2023-01-25
"In light of recent events in eastern Ohio, what would be the best type of water test kit to check for contamination?",113e1ho,1676509742.0,t5_2qh1i,"In light of recent events in eastern Ohio, what would be the best type of water test kit to check for contamination?",,https://www.reddit.com/r/AskReddit/comments/113e1ho/in_light_of_recent_events_in_eastern_ohio_what/,9,6,2023-01-25
What is better than a hug?,113962i,1676496817.0,t5_2qh1i,What is better than a hug?,,https://www.reddit.com/r/AskReddit/comments/113962i/what_is_better_than_a_hug/,18,148,2023-01-25
"What is a ""conspiracy theory"" that you believe in, and why?",113ghbb,1676517077.0,t5_2qh1i,"What is a ""conspiracy theory"" that you believe in, and why?",,https://www.reddit.com/r/AskReddit/comments/113ghbb/what_is_a_conspiracy_theory_that_you_believe_in/,7,14,2023-01-25
What are some names that would be pretty if they didn’t mean what they meant?,113gdkk,1676516764.0,t5_2qh1i,What are some names that would be pretty if they didn’t mean what they meant?,,https://www.reddit.com/r/AskReddit/comments/113gdkk/what_are_some_names_that_would_be_pretty_if_they/,6,39,2023-01-25
What is something you just really want to rant about?,113ei2t,1676511079.0,t5_2qh1i,What is something you just really want to rant about?,,https://www.reddit.com/r/AskReddit/comments/113ei2t/what_is_something_you_just_really_want_to_rant/,9,37,2023-01-25
What's a wildly interesting fact not a lot of people know ?,112u5cf,1676453620.0,t5_2qh1i,What's a wildly interesting fact not a lot of people know ?,,https://www.reddit.com/r/AskReddit/comments/112u5cf/whats_a_wildly_interesting_fact_not_a_lot_of/,150,412,2023-01-25
What’s your number one tip against overthinking?,113ec0n,1676510580.0,t5_2qh1i,What’s your number one tip against overthinking?,,https://www.reddit.com/r/AskReddit/comments/113ec0n/whats_your_number_one_tip_against_overthinking/,9,39,2023-01-25
You are the first person to step on mars. How do you ruin this moment?,113diy7,1676508266.0,t5_2qh1i,You are the first person to step on mars. How do you ruin this moment?,,https://www.reddit.com/r/AskReddit/comments/113diy7/you_are_the_first_person_to_step_on_mars_how_do/,10,53,2023-01-25
What do you think is the biggest problem facing humanity today?,112r14g,1676441100.0,t5_2qh1i,What do you think is the biggest problem facing humanity today?,,https://www.reddit.com/r/AskReddit/comments/112r14g/what_do_you_think_is_the_biggest_problem_facing/,276,898,2023-01-25
What is the best way to help reduce Global warming?,113gvvt,1676518319.0,t5_2qh1i,What is the best way to help reduce Global warming?,,https://www.reddit.com/r/AskReddit/comments/113gvvt/what_is_the_best_way_to_help_reduce_global_warming/,5,9,2023-01-25
"Bald people named Gary, what's stopping you from changing your name to Garibaldi?",1138i11,1676495077.0,t5_2qh1i,"Bald people named Gary, what's stopping you from changing your name to Garibaldi?",,https://www.reddit.com/r/AskReddit/comments/1138i11/bald_people_named_gary_whats_stopping_you_from/,18,13,2023-01-25
What's one change you've made that has produced long-term positive impact?,113gm9b,1676517496.0,t5_2qh1i,What's one change you've made that has produced long-term positive impact?,,https://www.reddit.com/r/AskReddit/comments/113gm9b/whats_one_change_youve_made_that_has_produced/,5,7,2023-01-25
What hobby you need to be rich just to try?,1137gz9,1676492361.0,t5_2qh1i,What hobby you need to be rich just to try?,,https://www.reddit.com/r/AskReddit/comments/1137gz9/what_hobby_you_need_to_be_rich_just_to_try/,17,115,2023-01-25
Looking for a show to binge. What shows do you recommendation?,113ghmd,1676517105.0,t5_2qh1i,Looking for a show to binge. What shows do you recommendation?,,https://www.reddit.com/r/AskReddit/comments/113ghmd/looking_for_a_show_to_binge_what_shows_do_you/,5,21,2023-01-25
What is the most antiquated method of categorizing human beings?,113ggyh,1676517046.0,t5_2qh1i,What is the most antiquated method of categorizing human beings?,,https://www.reddit.com/r/AskReddit/comments/113ggyh/what_is_the_most_antiquated_method_of/,5,7,2023-01-25
What’s a goal you have for the future?,113gg6g,1676516986.0,t5_2qh1i,What’s a goal you have for the future?,,https://www.reddit.com/r/AskReddit/comments/113gg6g/whats_a_goal_you_have_for_the_future/,5,12,2023-01-25
What was the most hyped thing throughout history that turned out to be a total let down?,112pnz4,1676436165.0,t5_2qh1i,What was the most hyped thing throughout history that turned out to be a total let down?,,https://www.reddit.com/r/AskReddit/comments/112pnz4/what_was_the_most_hyped_thing_throughout_history/,311,841,2023-01-25
what was a slightly traumatic experience you had that could have gone much worse?,112uy7e,1676456880.0,t5_2qh1i,what was a slightly traumatic experience you had that could have gone much worse?,,https://www.reddit.com/r/AskReddit/comments/112uy7e/what_was_a_slightly_traumatic_experience_you_had/,108,169,2023-01-25
What would happen if the leader/s of every country got in one room and tripped on mushrooms together?,113acll,1676499817.0,t5_2qh1i,What would happen if the leader/s of every country got in one room and tripped on mushrooms together?,,https://www.reddit.com/r/AskReddit/comments/113acll/what_would_happen_if_the_leaders_of_every_country/,13,18,2023-01-25
What is your worst roommate story?,113f6fn,1676513107.0,t5_2qh1i,What is your worst roommate story?,,https://www.reddit.com/r/AskReddit/comments/113f6fn/what_is_your_worst_roommate_story/,7,13,2023-01-25
"Redditors from East Palestine (Ohio), what the hell is going on over there?",1139lbt,1676497896.0,t5_2qh1i,"Redditors from East Palestine (Ohio), what the hell is going on over there?",,https://www.reddit.com/r/AskReddit/comments/1139lbt/redditors_from_east_palestine_ohio_what_the_hell/,12,11,2023-01-25
"Which celebrities are hated not because they truly deserve it, but rather because it’s trendy to hate on them?",113a64a,1676499357.0,t5_2qh1i,"Which celebrities are hated not because they truly deserve it, but rather because it’s trendy to hate on them?",,https://www.reddit.com/r/AskReddit/comments/113a64a/which_celebrities_are_hated_not_because_they/,11,94,2023-01-25
"at what point at night you say fuck it it's too late, might as well stay awake until you have to go out?",113g6u6,1676516201.0,t5_2qh1i,"at what point at night you say fuck it it's too late, might as well stay awake until you have to go out?",,https://www.reddit.com/r/AskReddit/comments/113g6u6/at_what_point_at_night_you_say_fuck_it_its_too/,5,11,2023-01-25
what's the male version of a tramp stamp?,113aoc6,1676500640.0,t5_2qh1i,what's the male version of a tramp stamp?,,https://www.reddit.com/r/AskReddit/comments/113aoc6/whats_the_male_version_of_a_tramp_stamp/,10,56,2023-01-25
People who can strike up and maintain a conversation with just about anybody - what’s the secret recipe for it?,113dw4c,1676509310.0,t5_2qh1i,People who can strike up and maintain a conversation with just about anybody - what’s the secret recipe for it?,,https://www.reddit.com/r/AskReddit/comments/113dw4c/people_who_can_strike_up_and_maintain_a/,8,43,2023-01-25
What’s the best sensation in the world?,113g2z5,1676515854.0,t5_2qh1i,What’s the best sensation in the world?,,https://www.reddit.com/r/AskReddit/comments/113g2z5/whats_the_best_sensation_in_the_world/,5,50,2023-01-25
What's a food you ended up liking the older you got?,113ew4m,1676512256.0,t5_2qh1i,What's a food you ended up liking the older you got?,,https://www.reddit.com/r/AskReddit/comments/113ew4m/whats_a_food_you_ended_up_liking_the_older_you_got/,7,29,2023-01-25
Where do you go to cool off after doing something stressful?,113g1ef,1676515718.0,t5_2qh1i,Where do you go to cool off after doing something stressful?,,https://www.reddit.com/r/AskReddit/comments/113g1ef/where_do_you_go_to_cool_off_after_doing_something/,5,7,2023-01-25
What do you imagine the average redditor looking like?,113g07t,1676515616.0,t5_2qh1i,What do you imagine the average redditor looking like?,,https://www.reddit.com/r/AskReddit/comments/113g07t/what_do_you_imagine_the_average_redditor_looking/,5,8,2023-01-25
What's something best left to the professionals?,1136rxx,1676490572.0,t5_2qh1i,What's something best left to the professionals?,,https://www.reddit.com/r/AskReddit/comments/1136rxx/whats_something_best_left_to_the_professionals/,18,93,2023-01-25
What did you have to learn the hard way?,113dpfw,1676508782.0,t5_2qh1i,What did you have to learn the hard way?,,https://www.reddit.com/r/AskReddit/comments/113dpfw/what_did_you_have_to_learn_the_hard_way/,8,21,2023-01-25
Everybody complains about drivers in the rain. How would you like people to drive in the rain?,113emz9,1676511489.0,t5_2qh1i,Everybody complains about drivers in the rain. How would you like people to drive in the rain?,,https://www.reddit.com/r/AskReddit/comments/113emz9/everybody_complains_about_drivers_in_the_rain_how/,7,23,2023-01-25
What is the best 90s rock band of all time?,112mpem,1676426592.0,t5_2qh1i,What is the best 90s rock band of all time?,,https://www.reddit.com/r/AskReddit/comments/112mpem/what_is_the_best_90s_rock_band_of_all_time/,463,1436,2023-01-25
What is your opinion on 1980s pop? Why?,113fihp,1676514124.0,t5_2qh1i,What is your opinion on 1980s pop? Why?,,https://www.reddit.com/r/AskReddit/comments/113fihp/what_is_your_opinion_on_1980s_pop_why/,5,26,2023-01-25
What movie that everyone has seen have you never seen?,113gwd9,1676518363.0,t5_2qh1i,What movie that everyone has seen have you never seen?,,https://www.reddit.com/r/AskReddit/comments/113gwd9/what_movie_that_everyone_has_seen_have_you_never/,4,15,2023-01-25
What’s the scariest moment in your life you still can’t explain?,113fenx,1676513796.0,t5_2qh1i,What’s the scariest moment in your life you still can’t explain?,,https://www.reddit.com/r/AskReddit/comments/113fenx/whats_the_scariest_moment_in_your_life_you_still/,5,3,2023-01-25
What’s the best part of being single?,113gsjo,1676518040.0,t5_2qh1i,What’s the best part of being single?,,https://www.reddit.com/r/AskReddit/comments/113gsjo/whats_the_best_part_of_being_single/,4,16,2023-01-25
What is the worst thing you can say at a funeral?,113gpwr,1676517813.0,t5_2qh1i,What is the worst thing you can say at a funeral?,,https://www.reddit.com/r/AskReddit/comments/113gpwr/what_is_the_worst_thing_you_can_say_at_a_funeral/,4,18,2023-01-25
what would be your warning label?,113cxml,1676506596.0,t5_2qh1i,what would be your warning label?,,https://www.reddit.com/r/AskReddit/comments/113cxml/what_would_be_your_warning_label/,8,21,2023-01-25
What is better than 3 AM water?,113f74m,1676513166.0,t5_2qh1i,What is better than 3 AM water?,,https://www.reddit.com/r/AskReddit/comments/113f74m/what_is_better_than_3_am_water/,5,29,2023-01-25
Where were you when you first learned of the Bombing of Pearl Harbor?,113glv0,1676517462.0,t5_2qh1i,Where were you when you first learned of the Bombing of Pearl Harbor?,,https://www.reddit.com/r/AskReddit/comments/113glv0/where_were_you_when_you_first_learned_of_the/,4,19,2023-01-25
What news has caught your attention lately?,113f54c,1676512994.0,t5_2qh1i,What news has caught your attention lately?,,https://www.reddit.com/r/AskReddit/comments/113f54c/what_news_has_caught_your_attention_lately/,5,10,2023-01-25
When did you realize you had a high pain tolerance?,113gkkn,1676517351.0,t5_2qh1i,When did you realize you had a high pain tolerance?,,https://www.reddit.com/r/AskReddit/comments/113gkkn/when_did_you_realize_you_had_a_high_pain_tolerance/,4,14,2023-01-25
What sound gives you chills?,1139gva,1676497577.0,t5_2qh1i,What sound gives you chills?,,https://www.reddit.com/r/AskReddit/comments/1139gva/what_sound_gives_you_chills/,12,40,2023-01-25
What are some small things that bring you big happiness?,113ayfv,1676501373.0,t5_2qh1i,What are some small things that bring you big happiness?,,https://www.reddit.com/r/AskReddit/comments/113ayfv/what_are_some_small_things_that_bring_you_big/,8,32,2023-01-25
How do you humbly respond to someone asking if you’re smart?,1135bci,1676486747.0,t5_2qh1i,How do you humbly respond to someone asking if you’re smart?,,https://www.reddit.com/r/AskReddit/comments/1135bci/how_do_you_humbly_respond_to_someone_asking_if/,20,123,2023-01-25
Your closest friends are trying to magically summon you. What three items will they need?,113gh3a,1676517058.0,t5_2qh1i,Your closest friends are trying to magically summon you. What three items will they need?,,https://www.reddit.com/r/AskReddit/comments/113gh3a/your_closest_friends_are_trying_to_magically/,5,36,2023-01-25
What’s the new currency of the post apocalypse?,113cqb1,1676506037.0,t5_2qh1i,What’s the new currency of the post apocalypse?,,https://www.reddit.com/r/AskReddit/comments/113cqb1/whats_the_new_currency_of_the_post_apocalypse/,8,39,2023-01-25
What is one film you always associate with your childhood?,1139zjl,1676498897.0,t5_2qh1i,What is one film you always associate with your childhood?,,https://www.reddit.com/r/AskReddit/comments/1139zjl/what_is_one_film_you_always_associate_with_your/,11,79,2023-01-25
What’s a lyric from a song that immediately chokes you up?,113gdcn,1676516744.0,t5_2qh1i,What’s a lyric from a song that immediately chokes you up?,,https://www.reddit.com/r/AskReddit/comments/113gdcn/whats_a_lyric_from_a_song_that_immediately_chokes/,4,14,2023-01-25
"Women of Reddit: for those that have the preference of taller men, what the reason?",113dpl3,1676508793.0,t5_2qh1i,"Women of Reddit: for those that have the preference of taller men, what the reason?",,https://www.reddit.com/r/AskReddit/comments/113dpl3/women_of_reddit_for_those_that_have_the/,5,59,2023-01-25
Why isn’t Reddit focused on the released Epstein list today?,113exbb,1676512355.0,t5_2qh1i,Why isn’t Reddit focused on the released Epstein list today?,,https://www.reddit.com/r/AskReddit/comments/113exbb/why_isnt_reddit_focused_on_the_released_epstein/,6,13,2023-01-25
What's something Europe does better than the US?,1134owo,1676485192.0,t5_2qh1i,What's something Europe does better than the US?,,https://www.reddit.com/r/AskReddit/comments/1134owo/whats_something_europe_does_better_than_the_us/,19,331,2023-01-25
Who is your go to person when you are feeling down?,113ewcs,1676512276.0,t5_2qh1i,Who is your go to person when you are feeling down?,,https://www.reddit.com/r/AskReddit/comments/113ewcs/who_is_your_go_to_person_when_you_are_feeling_down/,5,23,2023-01-25
Foods to eat when sick?,113g7rp,1676516286.0,t5_2qh1i,Foods to eat when sick?,,https://www.reddit.com/r/AskReddit/comments/113g7rp/foods_to_eat_when_sick/,4,60,2023-01-25
What’s the most overrated movie in recent memory?,113g4dq,1676515976.0,t5_2qh1i,What’s the most overrated movie in recent memory?,,https://www.reddit.com/r/AskReddit/comments/113g4dq/whats_the_most_overrated_movie_in_recent_memory/,4,31,2023-01-25
